molecule_id,target_id,pIC50,MolWt,LogP,HBA,HBD,target_name,target_class
MOL_0001,TAR_001,7.363,434.97,3.08,6,1,Target_1,GPCR
MOL_0001,TAR_002,6.864,434.97,3.08,6,1,Target_2,Kinase
MOL_0001,TAR_003,4.624,434.97,3.08,6,1,Target_3,Ion channel
MOL_0001,TAR_004,1.784,434.97,3.08,6,1,Target_4,Enzyme
MOL_0001,TAR_005,7.728,434.97,3.08,6,1,Target_5,Transporter
MOL_0002,TAR_001,6.583,251.35,0.87,4,1,Target_1,GPCR
MOL_0002,TAR_002,5.796,251.35,0.87,4,1,Target_2,Kinase
MOL_0002,TAR_003,4.613,251.35,0.87,4,1,Target_3,Ion channel
MOL_0002,TAR_004,5.923,251.35,0.87,4,1,Target_4,Enzyme
MOL_0002,TAR_005,6.329,251.35,0.87,4,1,Target_5,Transporter
MOL_0003,TAR_001,8.507,353.16,3.65,3,3,Target_1,GPCR
MOL_0003,TAR_002,6.311,353.16,3.65,3,3,Target_2,Kinase
MOL_0003,TAR_003,4.063,353.16,3.65,3,3,Target_3,Ion channel
MOL_0003,TAR_004,1.145,353.16,3.65,3,3,Target_4,Enzyme
MOL_0003,TAR_005,6.703,353.16,3.65,3,3,Target_5,Transporter
MOL_0004,TAR_001,5.718,492.59,4.09,9,2,Target_1,GPCR
MOL_0004,TAR_002,7.272,492.59,4.09,9,2,Target_2,Kinase
MOL_0004,TAR_003,5.579,492.59,4.09,9,2,Target_3,Ion channel
MOL_0004,TAR_004,1.186,492.59,4.09,9,2,Target_4,Enzyme
MOL_0004,TAR_005,9.114,492.59,4.09,9,2,Target_5,Transporter
MOL_0005,TAR_001,11.803,485.38,3.7,6,2,Target_1,GPCR
MOL_0005,TAR_002,11.039,485.38,3.7,6,2,Target_2,Kinase
MOL_0005,TAR_003,10.082,485.38,3.7,6,2,Target_3,Ion channel
MOL_0005,TAR_004,10.569,485.38,3.7,6,2,Target_4,Enzyme
MOL_0005,TAR_005,11.432,485.38,3.7,6,2,Target_5,Transporter
MOL_0006,TAR_001,6.964,410.64,5.45,2,3,Target_1,GPCR
MOL_0006,TAR_002,7.292,410.64,5.45,2,3,Target_2,Kinase
MOL_0006,TAR_003,4.704,410.64,5.45,2,3,Target_3,Ion channel
MOL_0006,TAR_004,1.155,410.64,5.45,2,3,Target_4,Enzyme
MOL_0006,TAR_005,9.37,410.64,5.45,2,3,Target_5,Transporter
MOL_0007,TAR_001,7.168,447.54,1.67,4,4,Target_1,GPCR
MOL_0007,TAR_002,7.352,447.54,1.67,4,4,Target_2,Kinase
MOL_0007,TAR_003,5.235,447.54,1.67,4,4,Target_3,Ion channel
MOL_0007,TAR_004,1.669,447.54,1.67,4,4,Target_4,Enzyme
MOL_0007,TAR_005,7.583,447.54,1.67,4,4,Target_5,Transporter
MOL_0008,TAR_001,1.088,566.45,5.35,7,2,Target_1,GPCR
MOL_0008,TAR_002,2.525,566.45,5.35,7,2,Target_2,Kinase
MOL_0008,TAR_003,1.225,566.45,5.35,7,2,Target_3,Ion channel
MOL_0008,TAR_004,1.089,566.45,5.35,7,2,Target_4,Enzyme
MOL_0008,TAR_005,0.686,566.45,5.35,7,2,Target_5,Transporter
MOL_0009,TAR_001,8.817,366.43,1.9,8,0,Target_1,GPCR
MOL_0009,TAR_002,7.151,366.43,1.9,8,0,Target_2,Kinase
MOL_0009,TAR_003,5.162,366.43,1.9,8,0,Target_3,Ion channel
MOL_0009,TAR_004,1.985,366.43,1.9,8,0,Target_4,Enzyme
MOL_0009,TAR_005,8.302,366.43,1.9,8,0,Target_5,Transporter
MOL_0010,TAR_001,6.267,202.21,-2.14,3,3,Target_1,GPCR
MOL_0010,TAR_002,4.258,202.21,-2.14,3,3,Target_2,Kinase
MOL_0010,TAR_003,3.85,202.21,-2.14,3,3,Target_3,Ion channel
MOL_0010,TAR_004,6.117,202.21,-2.14,3,3,Target_4,Enzyme
MOL_0010,TAR_005,5.514,202.21,-2.14,3,3,Target_5,Transporter
MOL_0011,TAR_001,6.735,440.47,2.85,5,2,Target_1,GPCR
MOL_0011,TAR_002,8.535,440.47,2.85,5,2,Target_2,Kinase
MOL_0011,TAR_003,6.163,440.47,2.85,5,2,Target_3,Ion channel
MOL_0011,TAR_004,0.348,440.47,2.85,5,2,Target_4,Enzyme
MOL_0011,TAR_005,9.107,440.47,2.85,5,2,Target_5,Transporter
MOL_0012,TAR_001,1.692,464.64,4.06,5,0,Target_1,GPCR
MOL_0012,TAR_002,8.727,464.64,4.06,5,0,Target_2,Kinase
MOL_0012,TAR_003,4.997,464.64,4.06,5,0,Target_3,Ion channel
MOL_0012,TAR_004,1.79,464.64,4.06,5,0,Target_4,Enzyme
MOL_0012,TAR_005,8.355,464.64,4.06,5,0,Target_5,Transporter
MOL_0013,TAR_001,1.693,384.39,3.22,6,2,Target_1,GPCR
MOL_0013,TAR_002,1.132,384.39,3.22,6,2,Target_2,Kinase
MOL_0013,TAR_003,1.43,384.39,3.22,6,2,Target_3,Ion channel
MOL_0013,TAR_004,1.443,384.39,3.22,6,2,Target_4,Enzyme
MOL_0013,TAR_005,1.729,384.39,3.22,6,2,Target_5,Transporter
MOL_0014,TAR_001,1.422,479.57,2.65,9,1,Target_1,GPCR
MOL_0014,TAR_002,1.447,479.57,2.65,9,1,Target_2,Kinase
MOL_0014,TAR_003,1.171,479.57,2.65,9,1,Target_3,Ion channel
MOL_0014,TAR_004,1.88,479.57,2.65,9,1,Target_4,Enzyme
MOL_0014,TAR_005,1.893,479.57,2.65,9,1,Target_5,Transporter
MOL_0015,TAR_001,0.926,398.89,2.95,4,4,Target_1,GPCR
MOL_0015,TAR_002,0.887,398.89,2.95,4,4,Target_2,Kinase
MOL_0015,TAR_003,0.624,398.89,2.95,4,4,Target_3,Ion channel
MOL_0015,TAR_004,1.508,398.89,2.95,4,4,Target_4,Enzyme
MOL_0015,TAR_005,0.928,398.89,2.95,4,4,Target_5,Transporter
MOL_0016,TAR_001,7.812,318.42,0.17,5,1,Target_1,GPCR
MOL_0016,TAR_002,6.506,318.42,0.17,5,1,Target_2,Kinase
MOL_0016,TAR_003,4.719,318.42,0.17,5,1,Target_3,Ion channel
MOL_0016,TAR_004,1.216,318.42,0.17,5,1,Target_4,Enzyme
MOL_0016,TAR_005,7.47,318.42,0.17,5,1,Target_5,Transporter
MOL_0017,TAR_001,7.289,351.45,4.62,4,1,Target_1,GPCR
MOL_0017,TAR_002,7.069,351.45,4.62,4,1,Target_2,Kinase
MOL_0017,TAR_003,5.116,351.45,4.62,4,1,Target_3,Ion channel
MOL_0017,TAR_004,1.225,351.45,4.62,4,1,Target_4,Enzyme
MOL_0017,TAR_005,7.725,351.45,4.62,4,1,Target_5,Transporter
MOL_0018,TAR_001,7.282,218.26,2.0,5,1,Target_1,GPCR
MOL_0018,TAR_002,5.901,218.26,2.0,5,1,Target_2,Kinase
MOL_0018,TAR_003,4.763,218.26,2.0,5,1,Target_3,Ion channel
MOL_0018,TAR_004,6.307,218.26,2.0,5,1,Target_4,Enzyme
MOL_0018,TAR_005,6.905,218.26,2.0,5,1,Target_5,Transporter
MOL_0019,TAR_001,9.242,336.34,3.73,3,3,Target_1,GPCR
MOL_0019,TAR_002,7.337,336.34,3.73,3,3,Target_2,Kinase
MOL_0019,TAR_003,6.018,336.34,3.73,3,3,Target_3,Ion channel
MOL_0019,TAR_004,5.669,336.34,3.73,3,3,Target_4,Enzyme
MOL_0019,TAR_005,8.418,336.34,3.73,3,3,Target_5,Transporter
MOL_0020,TAR_001,1.051,382.53,4.6,5,1,Target_1,GPCR
MOL_0020,TAR_002,5.872,382.53,4.6,5,1,Target_2,Kinase
MOL_0020,TAR_003,2.988,382.53,4.6,5,1,Target_3,Ion channel
MOL_0020,TAR_004,1.686,382.53,4.6,5,1,Target_4,Enzyme
MOL_0020,TAR_005,4.236,382.53,4.6,5,1,Target_5,Transporter
MOL_0021,TAR_001,1.86,540.67,8.05,6,2,Target_1,GPCR
MOL_0021,TAR_002,5.626,540.67,8.05,6,2,Target_2,Kinase
MOL_0021,TAR_003,4.773,540.67,8.05,6,2,Target_3,Ion channel
MOL_0021,TAR_004,1.867,540.67,8.05,6,2,Target_4,Enzyme
MOL_0021,TAR_005,7.421,540.67,8.05,6,2,Target_5,Transporter
MOL_0022,TAR_001,1.064,437.48,1.9,9,2,Target_1,GPCR
MOL_0022,TAR_002,6.534,437.48,1.9,9,2,Target_2,Kinase
MOL_0022,TAR_003,4.89,437.48,1.9,9,2,Target_3,Ion channel
MOL_0022,TAR_004,0.914,437.48,1.9,9,2,Target_4,Enzyme
MOL_0022,TAR_005,6.906,437.48,1.9,9,2,Target_5,Transporter
MOL_0023,TAR_001,10.802,421.48,3.62,7,1,Target_1,GPCR
MOL_0023,TAR_002,11.644,421.48,3.62,7,1,Target_2,Kinase
MOL_0023,TAR_003,10.181,421.48,3.62,7,1,Target_3,Ion channel
MOL_0023,TAR_004,8.512,421.48,3.62,7,1,Target_4,Enzyme
MOL_0023,TAR_005,12.362,421.48,3.62,7,1,Target_5,Transporter
MOL_0024,TAR_001,3.899,375.37,1.61,8,4,Target_1,GPCR
MOL_0024,TAR_002,2.678,375.37,1.61,8,4,Target_2,Kinase
MOL_0024,TAR_003,2.658,375.37,1.61,8,4,Target_3,Ion channel
MOL_0024,TAR_004,3.485,375.37,1.61,8,4,Target_4,Enzyme
MOL_0024,TAR_005,3.175,375.37,1.61,8,4,Target_5,Transporter
MOL_0025,TAR_001,4.632,344.48,2.91,5,0,Target_1,GPCR
MOL_0025,TAR_002,6.686,344.48,2.91,5,0,Target_2,Kinase
MOL_0025,TAR_003,4.518,344.48,2.91,5,0,Target_3,Ion channel
MOL_0025,TAR_004,4.726,344.48,2.91,5,0,Target_4,Enzyme
MOL_0025,TAR_005,7.592,344.48,2.91,5,0,Target_5,Transporter
MOL_0026,TAR_001,6.443,266.37,1.18,6,1,Target_1,GPCR
MOL_0026,TAR_002,4.967,266.37,1.18,6,1,Target_2,Kinase
MOL_0026,TAR_003,4.07,266.37,1.18,6,1,Target_3,Ion channel
MOL_0026,TAR_004,5.343,266.37,1.18,6,1,Target_4,Enzyme
MOL_0026,TAR_005,5.878,266.37,1.18,6,1,Target_5,Transporter
MOL_0027,TAR_001,7.647,533.43,7.28,4,2,Target_1,GPCR
MOL_0027,TAR_002,6.847,533.43,7.28,4,2,Target_2,Kinase
MOL_0027,TAR_003,4.307,533.43,7.28,4,2,Target_3,Ion channel
MOL_0027,TAR_004,1.12,533.43,7.28,4,2,Target_4,Enzyme
MOL_0027,TAR_005,8.368,533.43,7.28,4,2,Target_5,Transporter
MOL_0028,TAR_001,8.145,260.2,2.53,4,0,Target_1,GPCR
MOL_0028,TAR_002,7.089,260.2,2.53,4,0,Target_2,Kinase
MOL_0028,TAR_003,5.836,260.2,2.53,4,0,Target_3,Ion channel
MOL_0028,TAR_004,6.159,260.2,2.53,4,0,Target_4,Enzyme
MOL_0028,TAR_005,7.845,260.2,2.53,4,0,Target_5,Transporter
MOL_0029,TAR_001,7.603,354.46,1.54,7,3,Target_1,GPCR
MOL_0029,TAR_002,5.828,354.46,1.54,7,3,Target_2,Kinase
MOL_0029,TAR_003,5.221,354.46,1.54,7,3,Target_3,Ion channel
MOL_0029,TAR_004,4.554,354.46,1.54,7,3,Target_4,Enzyme
MOL_0029,TAR_005,6.94,354.46,1.54,7,3,Target_5,Transporter
MOL_0030,TAR_001,5.438,366.42,5.34,5,1,Target_1,GPCR
MOL_0030,TAR_002,7.766,366.42,5.34,5,1,Target_2,Kinase
MOL_0030,TAR_003,5.61,366.42,5.34,5,1,Target_3,Ion channel
MOL_0030,TAR_004,4.924,366.42,5.34,5,1,Target_4,Enzyme
MOL_0030,TAR_005,8.712,366.42,5.34,5,1,Target_5,Transporter
MOL_0031,TAR_001,8.758,326.74,3.67,3,2,Target_1,GPCR
MOL_0031,TAR_002,8.252,326.74,3.67,3,2,Target_2,Kinase
MOL_0031,TAR_003,5.809,326.74,3.67,3,2,Target_3,Ion channel
MOL_0031,TAR_004,1.497,326.74,3.67,3,2,Target_4,Enzyme
MOL_0031,TAR_005,9.006,326.74,3.67,3,2,Target_5,Transporter
MOL_0032,TAR_001,6.286,428.49,2.8,6,2,Target_1,GPCR
MOL_0032,TAR_002,6.16,428.49,2.8,6,2,Target_2,Kinase
MOL_0032,TAR_003,4.904,428.49,2.8,6,2,Target_3,Ion channel
MOL_0032,TAR_004,0.728,428.49,2.8,6,2,Target_4,Enzyme
MOL_0032,TAR_005,8.251,428.49,2.8,6,2,Target_5,Transporter
MOL_0033,TAR_001,1.673,423.5,4.71,7,3,Target_1,GPCR
MOL_0033,TAR_002,1.373,423.5,4.71,7,3,Target_2,Kinase
MOL_0033,TAR_003,1.366,423.5,4.71,7,3,Target_3,Ion channel
MOL_0033,TAR_004,1.847,423.5,4.71,7,3,Target_4,Enzyme
MOL_0033,TAR_005,1.338,423.5,4.71,7,3,Target_5,Transporter
MOL_0034,TAR_001,4.516,502.61,7.46,4,1,Target_1,GPCR
MOL_0034,TAR_002,8.511,502.61,7.46,4,1,Target_2,Kinase
MOL_0034,TAR_003,4.964,502.61,7.46,4,1,Target_3,Ion channel
MOL_0034,TAR_004,1.619,502.61,7.46,4,1,Target_4,Enzyme
MOL_0034,TAR_005,9.93,502.61,7.46,4,1,Target_5,Transporter
MOL_0035,TAR_001,10.31,262.31,3.64,1,2,Target_1,GPCR
MOL_0035,TAR_002,7.743,262.31,3.64,1,2,Target_2,Kinase
MOL_0035,TAR_003,6.054,262.31,3.64,1,2,Target_3,Ion channel
MOL_0035,TAR_004,6.319,262.31,3.64,1,2,Target_4,Enzyme
MOL_0035,TAR_005,9.232,262.31,3.64,1,2,Target_5,Transporter
MOL_0036,TAR_001,8.604,332.19,4.28,4,1,Target_1,GPCR
MOL_0036,TAR_002,7.331,332.19,4.28,4,1,Target_2,Kinase
MOL_0036,TAR_003,6.028,332.19,4.28,4,1,Target_3,Ion channel
MOL_0036,TAR_004,5.543,332.19,4.28,4,1,Target_4,Enzyme
MOL_0036,TAR_005,7.864,332.19,4.28,4,1,Target_5,Transporter
MOL_0037,TAR_001,9.563,305.34,3.18,4,2,Target_1,GPCR
MOL_0037,TAR_002,7.217,305.34,3.18,4,2,Target_2,Kinase
MOL_0037,TAR_003,5.22,305.34,3.18,4,2,Target_3,Ion channel
MOL_0037,TAR_004,3.705,305.34,3.18,4,2,Target_4,Enzyme
MOL_0037,TAR_005,8.347,305.34,3.18,4,2,Target_5,Transporter
MOL_0038,TAR_001,7.26,251.33,1.43,5,1,Target_1,GPCR
MOL_0038,TAR_002,6.162,251.33,1.43,5,1,Target_2,Kinase
MOL_0038,TAR_003,4.937,251.33,1.43,5,1,Target_3,Ion channel
MOL_0038,TAR_004,4.911,251.33,1.43,5,1,Target_4,Enzyme
MOL_0038,TAR_005,6.743,251.33,1.43,5,1,Target_5,Transporter
MOL_0039,TAR_001,7.072,518.45,3.91,6,1,Target_1,GPCR
MOL_0039,TAR_002,7.631,518.45,3.91,6,1,Target_2,Kinase
MOL_0039,TAR_003,4.816,518.45,3.91,6,1,Target_3,Ion channel
MOL_0039,TAR_004,1.323,518.45,3.91,6,1,Target_4,Enzyme
MOL_0039,TAR_005,8.081,518.45,3.91,6,1,Target_5,Transporter
MOL_0040,TAR_001,6.413,350.46,1.58,4,0,Target_1,GPCR
MOL_0040,TAR_002,6.902,350.46,1.58,4,0,Target_2,Kinase
MOL_0040,TAR_003,5.586,350.46,1.58,4,0,Target_3,Ion channel
MOL_0040,TAR_004,4.617,350.46,1.58,4,0,Target_4,Enzyme
MOL_0040,TAR_005,8.498,350.46,1.58,4,0,Target_5,Transporter
MOL_0041,TAR_001,7.226,458.54,0.65,7,2,Target_1,GPCR
MOL_0041,TAR_002,7.73,458.54,0.65,7,2,Target_2,Kinase
MOL_0041,TAR_003,4.534,458.54,0.65,7,2,Target_3,Ion channel
MOL_0041,TAR_004,1.018,458.54,0.65,7,2,Target_4,Enzyme
MOL_0041,TAR_005,9.075,458.54,0.65,7,2,Target_5,Transporter
MOL_0042,TAR_001,6.065,378.48,3.59,3,2,Target_1,GPCR
MOL_0042,TAR_002,7.088,378.48,3.59,3,2,Target_2,Kinase
MOL_0042,TAR_003,5.66,378.48,3.59,3,2,Target_3,Ion channel
MOL_0042,TAR_004,4.121,378.48,3.59,3,2,Target_4,Enzyme
MOL_0042,TAR_005,8.431,378.48,3.59,3,2,Target_5,Transporter
MOL_0043,TAR_001,1.327,343.47,3.69,2,2,Target_1,GPCR
MOL_0043,TAR_002,1.791,343.47,3.69,2,2,Target_2,Kinase
MOL_0043,TAR_003,1.523,343.47,3.69,2,2,Target_3,Ion channel
MOL_0043,TAR_004,1.911,343.47,3.69,2,2,Target_4,Enzyme
MOL_0043,TAR_005,1.396,343.47,3.69,2,2,Target_5,Transporter
MOL_0044,TAR_001,6.949,343.47,1.83,4,0,Target_1,GPCR
MOL_0044,TAR_002,7.067,343.47,1.83,4,0,Target_2,Kinase
MOL_0044,TAR_003,4.408,343.47,1.83,4,0,Target_3,Ion channel
MOL_0044,TAR_004,0.454,343.47,1.83,4,0,Target_4,Enzyme
MOL_0044,TAR_005,7.3,343.47,1.83,4,0,Target_5,Transporter
MOL_0045,TAR_001,7.571,205.22,-0.37,5,2,Target_1,GPCR
MOL_0045,TAR_002,5.104,205.22,-0.37,5,2,Target_2,Kinase
MOL_0045,TAR_003,4.588,205.22,-0.37,5,2,Target_3,Ion channel
MOL_0045,TAR_004,5.427,205.22,-0.37,5,2,Target_4,Enzyme
MOL_0045,TAR_005,6.254,205.22,-0.37,5,2,Target_5,Transporter
MOL_0046,TAR_001,7.612,289.38,4.32,2,1,Target_1,GPCR
MOL_0046,TAR_002,6.917,289.38,4.32,2,1,Target_2,Kinase
MOL_0046,TAR_003,5.171,289.38,4.32,2,1,Target_3,Ion channel
MOL_0046,TAR_004,4.457,289.38,4.32,2,1,Target_4,Enzyme
MOL_0046,TAR_005,7.814,289.38,4.32,2,1,Target_5,Transporter
MOL_0047,TAR_001,3.816,75.11,-0.67,2,2,Target_1,GPCR
MOL_0047,TAR_002,2.788,75.11,-0.67,2,2,Target_2,Kinase
MOL_0047,TAR_003,2.646,75.11,-0.67,2,2,Target_3,Ion channel
MOL_0047,TAR_004,3.431,75.11,-0.67,2,2,Target_4,Enzyme
MOL_0047,TAR_005,3.014,75.11,-0.67,2,2,Target_5,Transporter
MOL_0048,TAR_001,7.678,328.41,4.31,4,0,Target_1,GPCR
MOL_0048,TAR_002,6.94,328.41,4.31,4,0,Target_2,Kinase
MOL_0048,TAR_003,5.337,328.41,4.31,4,0,Target_3,Ion channel
MOL_0048,TAR_004,3.325,328.41,4.31,4,0,Target_4,Enzyme
MOL_0048,TAR_005,8.057,328.41,4.31,4,0,Target_5,Transporter
MOL_0049,TAR_001,7.411,307.36,2.41,6,2,Target_1,GPCR
MOL_0049,TAR_002,6.912,307.36,2.41,6,2,Target_2,Kinase
MOL_0049,TAR_003,5.678,307.36,2.41,6,2,Target_3,Ion channel
MOL_0049,TAR_004,4.924,307.36,2.41,6,2,Target_4,Enzyme
MOL_0049,TAR_005,7.399,307.36,2.41,6,2,Target_5,Transporter
MOL_0050,TAR_001,1.486,395.48,2.95,3,1,Target_1,GPCR
MOL_0050,TAR_002,1.034,395.48,2.95,3,1,Target_2,Kinase
MOL_0050,TAR_003,1.021,395.48,2.95,3,1,Target_3,Ion channel
MOL_0050,TAR_004,1.966,395.48,2.95,3,1,Target_4,Enzyme
MOL_0050,TAR_005,1.773,395.48,2.95,3,1,Target_5,Transporter
MOL_0051,TAR_001,6.619,419.49,2.38,7,1,Target_1,GPCR
MOL_0051,TAR_002,7.001,419.49,2.38,7,1,Target_2,Kinase
MOL_0051,TAR_003,1.96,419.49,2.38,7,1,Target_3,Ion channel
MOL_0051,TAR_004,1.694,419.49,2.38,7,1,Target_4,Enzyme
MOL_0051,TAR_005,8.033,419.49,2.38,7,1,Target_5,Transporter
MOL_0052,TAR_001,1.972,476.47,3.23,9,2,Target_1,GPCR
MOL_0052,TAR_002,1.193,476.47,3.23,9,2,Target_2,Kinase
MOL_0052,TAR_003,1.079,476.47,3.23,9,2,Target_3,Ion channel
MOL_0052,TAR_004,1.089,476.47,3.23,9,2,Target_4,Enzyme
MOL_0052,TAR_005,1.316,476.47,3.23,9,2,Target_5,Transporter
MOL_0053,TAR_001,7.404,365.03,4.22,3,0,Target_1,GPCR
MOL_0053,TAR_002,6.032,365.03,4.22,3,0,Target_2,Kinase
MOL_0053,TAR_003,4.843,365.03,4.22,3,0,Target_3,Ion channel
MOL_0053,TAR_004,5.026,365.03,4.22,3,0,Target_4,Enzyme
MOL_0053,TAR_005,6.516,365.03,4.22,3,0,Target_5,Transporter
MOL_0054,TAR_001,1.647,404.5,4.75,6,3,Target_1,GPCR
MOL_0054,TAR_002,7.33,404.5,4.75,6,3,Target_2,Kinase
MOL_0054,TAR_003,5.52,404.5,4.75,6,3,Target_3,Ion channel
MOL_0054,TAR_004,4.464,404.5,4.75,6,3,Target_4,Enzyme
MOL_0054,TAR_005,8.87,404.5,4.75,6,3,Target_5,Transporter
MOL_0055,TAR_001,3.981,553.66,5.79,6,5,Target_1,GPCR
MOL_0055,TAR_002,7.375,553.66,5.79,6,5,Target_2,Kinase
MOL_0055,TAR_003,4.263,553.66,5.79,6,5,Target_3,Ion channel
MOL_0055,TAR_004,1.859,553.66,5.79,6,5,Target_4,Enzyme
MOL_0055,TAR_005,9.109,553.66,5.79,6,5,Target_5,Transporter
MOL_0056,TAR_001,5.37,461.42,5.81,6,2,Target_1,GPCR
MOL_0056,TAR_002,7.287,461.42,5.81,6,2,Target_2,Kinase
MOL_0056,TAR_003,4.935,461.42,5.81,6,2,Target_3,Ion channel
MOL_0056,TAR_004,0.324,461.42,5.81,6,2,Target_4,Enzyme
MOL_0056,TAR_005,8.394,461.42,5.81,6,2,Target_5,Transporter
MOL_0057,TAR_001,6.113,358.45,0.78,5,2,Target_1,GPCR
MOL_0057,TAR_002,5.349,358.45,0.78,5,2,Target_2,Kinase
MOL_0057,TAR_003,4.202,358.45,0.78,5,2,Target_3,Ion channel
MOL_0057,TAR_004,1.484,358.45,0.78,5,2,Target_4,Enzyme
MOL_0057,TAR_005,7.168,358.45,0.78,5,2,Target_5,Transporter
MOL_0058,TAR_001,8.08,275.38,2.15,4,1,Target_1,GPCR
MOL_0058,TAR_002,6.298,275.38,2.15,4,1,Target_2,Kinase
MOL_0058,TAR_003,5.093,275.38,2.15,4,1,Target_3,Ion channel
MOL_0058,TAR_004,5.113,275.38,2.15,4,1,Target_4,Enzyme
MOL_0058,TAR_005,6.925,275.38,2.15,4,1,Target_5,Transporter
MOL_0059,TAR_001,6.157,193.25,0.81,3,0,Target_1,GPCR
MOL_0059,TAR_002,5.194,193.25,0.81,3,0,Target_2,Kinase
MOL_0059,TAR_003,3.745,193.25,0.81,3,0,Target_3,Ion channel
MOL_0059,TAR_004,5.156,193.25,0.81,3,0,Target_4,Enzyme
MOL_0059,TAR_005,6.478,193.25,0.81,3,0,Target_5,Transporter
MOL_0060,TAR_001,1.065,561.65,6.72,4,2,Target_1,GPCR
MOL_0060,TAR_002,8.759,561.65,6.72,4,2,Target_2,Kinase
MOL_0060,TAR_003,5.613,561.65,6.72,4,2,Target_3,Ion channel
MOL_0060,TAR_004,1.459,561.65,6.72,4,2,Target_4,Enzyme
MOL_0060,TAR_005,7.873,561.65,6.72,4,2,Target_5,Transporter
MOL_0061,TAR_001,5.602,398.42,5.17,6,1,Target_1,GPCR
MOL_0061,TAR_002,7.654,398.42,5.17,6,1,Target_2,Kinase
MOL_0061,TAR_003,4.666,398.42,5.17,6,1,Target_3,Ion channel
MOL_0061,TAR_004,0.199,398.42,5.17,6,1,Target_4,Enzyme
MOL_0061,TAR_005,8.277,398.42,5.17,6,1,Target_5,Transporter
MOL_0062,TAR_001,7.853,202.21,2.08,2,2,Target_1,GPCR
MOL_0062,TAR_002,5.855,202.21,2.08,2,2,Target_2,Kinase
MOL_0062,TAR_003,5.289,202.21,2.08,2,2,Target_3,Ion channel
MOL_0062,TAR_004,6.787,202.21,2.08,2,2,Target_4,Enzyme
MOL_0062,TAR_005,1.456,202.21,2.08,2,2,Target_5,Transporter
MOL_0063,TAR_001,8.183,330.34,2.42,6,3,Target_1,GPCR
MOL_0063,TAR_002,6.423,330.34,2.42,6,3,Target_2,Kinase
MOL_0063,TAR_003,4.939,330.34,2.42,6,3,Target_3,Ion channel
MOL_0063,TAR_004,6.34,330.34,2.42,6,3,Target_4,Enzyme
MOL_0063,TAR_005,7.343,330.34,2.42,6,3,Target_5,Transporter
MOL_0064,TAR_001,8.182,341.75,2.58,4,1,Target_1,GPCR
MOL_0064,TAR_002,7.321,341.75,2.58,4,1,Target_2,Kinase
MOL_0064,TAR_003,5.661,341.75,2.58,4,1,Target_3,Ion channel
MOL_0064,TAR_004,2.59,341.75,2.58,4,1,Target_4,Enzyme
MOL_0064,TAR_005,8.422,341.75,2.58,4,1,Target_5,Transporter
MOL_0065,TAR_001,8.992,353.43,4.02,4,1,Target_1,GPCR
MOL_0065,TAR_002,9.386,353.43,4.02,4,1,Target_2,Kinase
MOL_0065,TAR_003,6.447,353.43,4.02,4,1,Target_3,Ion channel
MOL_0065,TAR_004,1.517,353.43,4.02,4,1,Target_4,Enzyme
MOL_0065,TAR_005,9.969,353.43,4.02,4,1,Target_5,Transporter
MOL_0066,TAR_001,8.155,317.82,4.18,3,1,Target_1,GPCR
MOL_0066,TAR_002,7.335,317.82,4.18,3,1,Target_2,Kinase
MOL_0066,TAR_003,5.391,317.82,4.18,3,1,Target_3,Ion channel
MOL_0066,TAR_004,1.651,317.82,4.18,3,1,Target_4,Enzyme
MOL_0066,TAR_005,8.113,317.82,4.18,3,1,Target_5,Transporter
MOL_0067,TAR_001,7.088,373.48,2.26,5,2,Target_1,GPCR
MOL_0067,TAR_002,6.58,373.48,2.26,5,2,Target_2,Kinase
MOL_0067,TAR_003,4.671,373.48,2.26,5,2,Target_3,Ion channel
MOL_0067,TAR_004,5.394,373.48,2.26,5,2,Target_4,Enzyme
MOL_0067,TAR_005,7.329,373.48,2.26,5,2,Target_5,Transporter
MOL_0068,TAR_001,6.57,391.29,5.36,3,1,Target_1,GPCR
MOL_0068,TAR_002,7.932,391.29,5.36,3,1,Target_2,Kinase
MOL_0068,TAR_003,5.951,391.29,5.36,3,1,Target_3,Ion channel
MOL_0068,TAR_004,4.102,391.29,5.36,3,1,Target_4,Enzyme
MOL_0068,TAR_005,9.302,391.29,5.36,3,1,Target_5,Transporter
MOL_0069,TAR_001,7.252,219.24,1.25,4,2,Target_1,GPCR
MOL_0069,TAR_002,5.665,219.24,1.25,4,2,Target_2,Kinase
MOL_0069,TAR_003,4.623,219.24,1.25,4,2,Target_3,Ion channel
MOL_0069,TAR_004,5.858,219.24,1.25,4,2,Target_4,Enzyme
MOL_0069,TAR_005,6.308,219.24,1.25,4,2,Target_5,Transporter
MOL_0070,TAR_001,4.031,401.46,4.65,4,2,Target_1,GPCR
MOL_0070,TAR_002,7.445,401.46,4.65,4,2,Target_2,Kinase
MOL_0070,TAR_003,5.325,401.46,4.65,4,2,Target_3,Ion channel
MOL_0070,TAR_004,1.081,401.46,4.65,4,2,Target_4,Enzyme
MOL_0070,TAR_005,8.71,401.46,4.65,4,2,Target_5,Transporter
MOL_0071,TAR_001,8.369,381.28,3.03,5,1,Target_1,GPCR
MOL_0071,TAR_002,7.509,381.28,3.03,5,1,Target_2,Kinase
MOL_0071,TAR_003,5.717,381.28,3.03,5,1,Target_3,Ion channel
MOL_0071,TAR_004,5.587,381.28,3.03,5,1,Target_4,Enzyme
MOL_0071,TAR_005,8.521,381.28,3.03,5,1,Target_5,Transporter
MOL_0072,TAR_001,7.505,412.41,1.16,6,1,Target_1,GPCR
MOL_0072,TAR_002,6.127,412.41,1.16,6,1,Target_2,Kinase
MOL_0072,TAR_003,4.548,412.41,1.16,6,1,Target_3,Ion channel
MOL_0072,TAR_004,6.188,412.41,1.16,6,1,Target_4,Enzyme
MOL_0072,TAR_005,7.194,412.41,1.16,6,1,Target_5,Transporter
MOL_0073,TAR_001,6.881,358.52,5.21,3,1,Target_1,GPCR
MOL_0073,TAR_002,7.18,358.52,5.21,3,1,Target_2,Kinase
MOL_0073,TAR_003,4.479,358.52,5.21,3,1,Target_3,Ion channel
MOL_0073,TAR_004,5.775,358.52,5.21,3,1,Target_4,Enzyme
MOL_0073,TAR_005,7.864,358.52,5.21,3,1,Target_5,Transporter
MOL_0074,TAR_001,6.806,441.6,3.64,5,3,Target_1,GPCR
MOL_0074,TAR_002,7.132,441.6,3.64,5,3,Target_2,Kinase
MOL_0074,TAR_003,5.236,441.6,3.64,5,3,Target_3,Ion channel
MOL_0074,TAR_004,1.177,441.6,3.64,5,3,Target_4,Enzyme
MOL_0074,TAR_005,7.889,441.6,3.64,5,3,Target_5,Transporter
MOL_0075,TAR_001,1.09,388.46,3.54,5,3,Target_1,GPCR
MOL_0075,TAR_002,6.96,388.46,3.54,5,3,Target_2,Kinase
MOL_0075,TAR_003,5.679,388.46,3.54,5,3,Target_3,Ion channel
MOL_0075,TAR_004,5.29,388.46,3.54,5,3,Target_4,Enzyme
MOL_0075,TAR_005,8.654,388.46,3.54,5,3,Target_5,Transporter
MOL_0076,TAR_001,7.44,348.36,2.43,7,0,Target_1,GPCR
MOL_0076,TAR_002,7.512,348.36,2.43,7,0,Target_2,Kinase
MOL_0076,TAR_003,6.003,348.36,2.43,7,0,Target_3,Ion channel
MOL_0076,TAR_004,4.941,348.36,2.43,7,0,Target_4,Enzyme
MOL_0076,TAR_005,8.392,348.36,2.43,7,0,Target_5,Transporter
MOL_0077,TAR_001,7.598,262.26,0.51,4,1,Target_1,GPCR
MOL_0077,TAR_002,6.624,262.26,0.51,4,1,Target_2,Kinase
MOL_0077,TAR_003,4.853,262.26,0.51,4,1,Target_3,Ion channel
MOL_0077,TAR_004,6.425,262.26,0.51,4,1,Target_4,Enzyme
MOL_0077,TAR_005,7.785,262.26,0.51,4,1,Target_5,Transporter
MOL_0078,TAR_001,5.852,484.51,4.11,8,0,Target_1,GPCR
MOL_0078,TAR_002,6.442,484.51,4.11,8,0,Target_2,Kinase
MOL_0078,TAR_003,4.785,484.51,4.11,8,0,Target_3,Ion channel
MOL_0078,TAR_004,1.193,484.51,4.11,8,0,Target_4,Enzyme
MOL_0078,TAR_005,7.79,484.51,4.11,8,0,Target_5,Transporter
MOL_0079,TAR_001,6.428,425.92,0.49,5,1,Target_1,GPCR
MOL_0079,TAR_002,6.702,425.92,0.49,5,1,Target_2,Kinase
MOL_0079,TAR_003,1.373,425.92,0.49,5,1,Target_3,Ion channel
MOL_0079,TAR_004,1.187,425.92,0.49,5,1,Target_4,Enzyme
MOL_0079,TAR_005,6.622,425.92,0.49,5,1,Target_5,Transporter
MOL_0080,TAR_001,1.149,468.49,4.58,6,1,Target_1,GPCR
MOL_0080,TAR_002,1.864,468.49,4.58,6,1,Target_2,Kinase
MOL_0080,TAR_003,1.469,468.49,4.58,6,1,Target_3,Ion channel
MOL_0080,TAR_004,1.545,468.49,4.58,6,1,Target_4,Enzyme
MOL_0080,TAR_005,1.446,468.49,4.58,6,1,Target_5,Transporter
MOL_0081,TAR_001,4.217,504.58,3.52,7,2,Target_1,GPCR
MOL_0081,TAR_002,6.816,504.58,3.52,7,2,Target_2,Kinase
MOL_0081,TAR_003,1.598,504.58,3.52,7,2,Target_3,Ion channel
MOL_0081,TAR_004,0.158,504.58,3.52,7,2,Target_4,Enzyme
MOL_0081,TAR_005,6.807,504.58,3.52,7,2,Target_5,Transporter
MOL_0082,TAR_001,7.814,318.33,2.94,6,0,Target_1,GPCR
MOL_0082,TAR_002,5.791,318.33,2.94,6,0,Target_2,Kinase
MOL_0082,TAR_003,4.994,318.33,2.94,6,0,Target_3,Ion channel
MOL_0082,TAR_004,4.42,318.33,2.94,6,0,Target_4,Enzyme
MOL_0082,TAR_005,7.073,318.33,2.94,6,0,Target_5,Transporter
MOL_0083,TAR_001,7.57,306.24,3.53,3,2,Target_1,GPCR
MOL_0083,TAR_002,6.172,306.24,3.53,3,2,Target_2,Kinase
MOL_0083,TAR_003,4.817,306.24,3.53,3,2,Target_3,Ion channel
MOL_0083,TAR_004,0.882,306.24,3.53,3,2,Target_4,Enzyme
MOL_0083,TAR_005,6.891,306.24,3.53,3,2,Target_5,Transporter
MOL_0084,TAR_001,8.653,348.4,-0.04,7,0,Target_1,GPCR
MOL_0084,TAR_002,6.265,348.4,-0.04,7,0,Target_2,Kinase
MOL_0084,TAR_003,5.243,348.4,-0.04,7,0,Target_3,Ion channel
MOL_0084,TAR_004,2.489,348.4,-0.04,7,0,Target_4,Enzyme
MOL_0084,TAR_005,7.546,348.4,-0.04,7,0,Target_5,Transporter
MOL_0085,TAR_001,7.219,175.19,1.97,3,1,Target_1,GPCR
MOL_0085,TAR_002,5.496,175.19,1.97,3,1,Target_2,Kinase
MOL_0085,TAR_003,4.474,175.19,1.97,3,1,Target_3,Ion channel
MOL_0085,TAR_004,5.803,175.19,1.97,3,1,Target_4,Enzyme
MOL_0085,TAR_005,6.737,175.19,1.97,3,1,Target_5,Transporter
MOL_0086,TAR_001,7.88,287.29,2.81,3,1,Target_1,GPCR
MOL_0086,TAR_002,6.491,287.29,2.81,3,1,Target_2,Kinase
MOL_0086,TAR_003,5.141,287.29,2.81,3,1,Target_3,Ion channel
MOL_0086,TAR_004,2.006,287.29,2.81,3,1,Target_4,Enzyme
MOL_0086,TAR_005,6.82,287.29,2.81,3,1,Target_5,Transporter
MOL_0087,TAR_001,8.205,421.88,5.53,5,0,Target_1,GPCR
MOL_0087,TAR_002,7.403,421.88,5.53,5,0,Target_2,Kinase
MOL_0087,TAR_003,5.577,421.88,5.53,5,0,Target_3,Ion channel
MOL_0087,TAR_004,2.019,421.88,5.53,5,0,Target_4,Enzyme
MOL_0087,TAR_005,8.602,421.88,5.53,5,0,Target_5,Transporter
MOL_0088,TAR_001,1.027,520.59,5.83,6,2,Target_1,GPCR
MOL_0088,TAR_002,4.313,520.59,5.83,6,2,Target_2,Kinase
MOL_0088,TAR_003,1.112,520.59,5.83,6,2,Target_3,Ion channel
MOL_0088,TAR_004,1.833,520.59,5.83,6,2,Target_4,Enzyme
MOL_0088,TAR_005,7.508,520.59,5.83,6,2,Target_5,Transporter
MOL_0089,TAR_001,8.029,255.28,3.03,3,2,Target_1,GPCR
MOL_0089,TAR_002,6.432,255.28,3.03,3,2,Target_2,Kinase
MOL_0089,TAR_003,5.645,255.28,3.03,3,2,Target_3,Ion channel
MOL_0089,TAR_004,5.801,255.28,3.03,3,2,Target_4,Enzyme
MOL_0089,TAR_005,7.885,255.28,3.03,3,2,Target_5,Transporter
MOL_0090,TAR_001,7.952,322.46,3.44,4,1,Target_1,GPCR
MOL_0090,TAR_002,7.174,322.46,3.44,4,1,Target_2,Kinase
MOL_0090,TAR_003,5.497,322.46,3.44,4,1,Target_3,Ion channel
MOL_0090,TAR_004,5.49,322.46,3.44,4,1,Target_4,Enzyme
MOL_0090,TAR_005,7.807,322.46,3.44,4,1,Target_5,Transporter
MOL_0091,TAR_001,1.491,348.32,4.72,3,1,Target_1,GPCR
MOL_0091,TAR_002,4.984,348.32,4.72,3,1,Target_2,Kinase
MOL_0091,TAR_003,4.519,348.32,4.72,3,1,Target_3,Ion channel
MOL_0091,TAR_004,1.253,348.32,4.72,3,1,Target_4,Enzyme
MOL_0091,TAR_005,4.735,348.32,4.72,3,1,Target_5,Transporter
MOL_0092,TAR_001,7.171,287.29,2.74,3,2,Target_1,GPCR
MOL_0092,TAR_002,6.37,287.29,2.74,3,2,Target_2,Kinase
MOL_0092,TAR_003,4.066,287.29,2.74,3,2,Target_3,Ion channel
MOL_0092,TAR_004,1.486,287.29,2.74,3,2,Target_4,Enzyme
MOL_0092,TAR_005,6.117,287.29,2.74,3,2,Target_5,Transporter
MOL_0093,TAR_001,7.813,274.35,1.92,3,3,Target_1,GPCR
MOL_0093,TAR_002,6.624,274.35,1.92,3,3,Target_2,Kinase
MOL_0093,TAR_003,5.388,274.35,1.92,3,3,Target_3,Ion channel
MOL_0093,TAR_004,4.43,274.35,1.92,3,3,Target_4,Enzyme
MOL_0093,TAR_005,7.856,274.35,1.92,3,3,Target_5,Transporter
MOL_0094,TAR_001,1.217,466.28,4.97,8,3,Target_1,GPCR
MOL_0094,TAR_002,1.731,466.28,4.97,8,3,Target_2,Kinase
MOL_0094,TAR_003,1.394,466.28,4.97,8,3,Target_3,Ion channel
MOL_0094,TAR_004,1.336,466.28,4.97,8,3,Target_4,Enzyme
MOL_0094,TAR_005,1.137,466.28,4.97,8,3,Target_5,Transporter
MOL_0095,TAR_001,6.623,309.79,2.16,3,2,Target_1,GPCR
MOL_0095,TAR_002,6.232,309.79,2.16,3,2,Target_2,Kinase
MOL_0095,TAR_003,4.525,309.79,2.16,3,2,Target_3,Ion channel
MOL_0095,TAR_004,5.762,309.79,2.16,3,2,Target_4,Enzyme
MOL_0095,TAR_005,7.249,309.79,2.16,3,2,Target_5,Transporter
MOL_0096,TAR_001,10.413,451.95,5.4,4,3,Target_1,GPCR
MOL_0096,TAR_002,11.328,451.95,5.4,4,3,Target_2,Kinase
MOL_0096,TAR_003,9.285,451.95,5.4,4,3,Target_3,Ion channel
MOL_0096,TAR_004,8.289,451.95,5.4,4,3,Target_4,Enzyme
MOL_0096,TAR_005,12.496,451.95,5.4,4,3,Target_5,Transporter
MOL_0097,TAR_001,1.989,480.98,4.51,8,1,Target_1,GPCR
MOL_0097,TAR_002,1.366,480.98,4.51,8,1,Target_2,Kinase
MOL_0097,TAR_003,1.517,480.98,4.51,8,1,Target_3,Ion channel
MOL_0097,TAR_004,1.656,480.98,4.51,8,1,Target_4,Enzyme
MOL_0097,TAR_005,1.702,480.98,4.51,8,1,Target_5,Transporter
MOL_0098,TAR_001,4.478,507.52,4.77,6,0,Target_1,GPCR
MOL_0098,TAR_002,9.569,507.52,4.77,6,0,Target_2,Kinase
MOL_0098,TAR_003,5.721,507.52,4.77,6,0,Target_3,Ion channel
MOL_0098,TAR_004,1.637,507.52,4.77,6,0,Target_4,Enzyme
MOL_0098,TAR_005,9.988,507.52,4.77,6,0,Target_5,Transporter
MOL_0099,TAR_001,0.926,454.4,4.52,5,0,Target_1,GPCR
MOL_0099,TAR_002,0.887,454.4,4.52,5,0,Target_2,Kinase
MOL_0099,TAR_003,0.624,454.4,4.52,5,0,Target_3,Ion channel
MOL_0099,TAR_004,0.805,454.4,4.52,5,0,Target_4,Enzyme
MOL_0099,TAR_005,0.929,454.4,4.52,5,0,Target_5,Transporter
MOL_0100,TAR_001,5.764,230.11,-2.62,6,5,Target_1,GPCR
MOL_0100,TAR_002,3.727,230.11,-2.62,6,5,Target_2,Kinase
MOL_0100,TAR_003,3.528,230.11,-2.62,6,5,Target_3,Ion channel
MOL_0100,TAR_004,5.381,230.11,-2.62,6,5,Target_4,Enzyme
MOL_0100,TAR_005,5.046,230.11,-2.62,6,5,Target_5,Transporter
MOL_0101,TAR_001,7.893,357.46,4.37,6,1,Target_1,GPCR
MOL_0101,TAR_002,7.403,357.46,4.37,6,1,Target_2,Kinase
MOL_0101,TAR_003,4.929,357.46,4.37,6,1,Target_3,Ion channel
MOL_0101,TAR_004,4.073,357.46,4.37,6,1,Target_4,Enzyme
MOL_0101,TAR_005,8.167,357.46,4.37,6,1,Target_5,Transporter
MOL_0102,TAR_001,5.073,397.9,4.41,4,3,Target_1,GPCR
MOL_0102,TAR_002,4.703,397.9,4.41,4,3,Target_2,Kinase
MOL_0102,TAR_003,2.614,397.9,4.41,4,3,Target_3,Ion channel
MOL_0102,TAR_004,1.479,397.9,4.41,4,3,Target_4,Enzyme
MOL_0102,TAR_005,5.749,397.9,4.41,4,3,Target_5,Transporter
MOL_0103,TAR_001,6.406,272.78,2.97,5,0,Target_1,GPCR
MOL_0103,TAR_002,5.614,272.78,2.97,5,0,Target_2,Kinase
MOL_0103,TAR_003,4.538,272.78,2.97,5,0,Target_3,Ion channel
MOL_0103,TAR_004,5.369,272.78,2.97,5,0,Target_4,Enzyme
MOL_0103,TAR_005,6.135,272.78,2.97,5,0,Target_5,Transporter
MOL_0104,TAR_001,1.338,411.47,4.19,4,3,Target_1,GPCR
MOL_0104,TAR_002,7.015,411.47,4.19,4,3,Target_2,Kinase
MOL_0104,TAR_003,4.509,411.47,4.19,4,3,Target_3,Ion channel
MOL_0104,TAR_004,1.1,411.47,4.19,4,3,Target_4,Enzyme
MOL_0104,TAR_005,4.287,411.47,4.19,4,3,Target_5,Transporter
MOL_0105,TAR_001,7.303,348.42,2.6,7,1,Target_1,GPCR
MOL_0105,TAR_002,6.835,348.42,2.6,7,1,Target_2,Kinase
MOL_0105,TAR_003,5.016,348.42,2.6,7,1,Target_3,Ion channel
MOL_0105,TAR_004,3.038,348.42,2.6,7,1,Target_4,Enzyme
MOL_0105,TAR_005,7.187,348.42,2.6,7,1,Target_5,Transporter
MOL_0106,TAR_001,7.644,335.19,3.37,2,0,Target_1,GPCR
MOL_0106,TAR_002,6.721,335.19,3.37,2,0,Target_2,Kinase
MOL_0106,TAR_003,5.532,335.19,3.37,2,0,Target_3,Ion channel
MOL_0106,TAR_004,2.492,335.19,3.37,2,0,Target_4,Enzyme
MOL_0106,TAR_005,7.849,335.19,3.37,2,0,Target_5,Transporter
MOL_0107,TAR_001,7.729,457.44,4.54,5,3,Target_1,GPCR
MOL_0107,TAR_002,7.423,457.44,4.54,5,3,Target_2,Kinase
MOL_0107,TAR_003,5.756,457.44,4.54,5,3,Target_3,Ion channel
MOL_0107,TAR_004,4.059,457.44,4.54,5,3,Target_4,Enzyme
MOL_0107,TAR_005,9.872,457.44,4.54,5,3,Target_5,Transporter
MOL_0108,TAR_001,7.882,392.34,4.01,7,0,Target_1,GPCR
MOL_0108,TAR_002,8.014,392.34,4.01,7,0,Target_2,Kinase
MOL_0108,TAR_003,5.76,392.34,4.01,7,0,Target_3,Ion channel
MOL_0108,TAR_004,1.76,392.34,4.01,7,0,Target_4,Enzyme
MOL_0108,TAR_005,8.662,392.34,4.01,7,0,Target_5,Transporter
MOL_0109,TAR_001,7.047,338.41,4.13,4,1,Target_1,GPCR
MOL_0109,TAR_002,6.944,338.41,4.13,4,1,Target_2,Kinase
MOL_0109,TAR_003,4.975,338.41,4.13,4,1,Target_3,Ion channel
MOL_0109,TAR_004,4.005,338.41,4.13,4,1,Target_4,Enzyme
MOL_0109,TAR_005,7.701,338.41,4.13,4,1,Target_5,Transporter
MOL_0110,TAR_001,1.818,432.44,2.21,9,1,Target_1,GPCR
MOL_0110,TAR_002,5.744,432.44,2.21,9,1,Target_2,Kinase
MOL_0110,TAR_003,1.174,432.44,2.21,9,1,Target_3,Ion channel
MOL_0110,TAR_004,1.716,432.44,2.21,9,1,Target_4,Enzyme
MOL_0110,TAR_005,1.749,432.44,2.21,9,1,Target_5,Transporter
MOL_0111,TAR_001,8.348,321.38,2.88,3,1,Target_1,GPCR
MOL_0111,TAR_002,6.728,321.38,2.88,3,1,Target_2,Kinase
MOL_0111,TAR_003,5.25,321.38,2.88,3,1,Target_3,Ion channel
MOL_0111,TAR_004,1.755,321.38,2.88,3,1,Target_4,Enzyme
MOL_0111,TAR_005,8.284,321.38,2.88,3,1,Target_5,Transporter
MOL_0112,TAR_001,6.644,281.42,2.43,3,0,Target_1,GPCR
MOL_0112,TAR_002,6.394,281.42,2.43,3,0,Target_2,Kinase
MOL_0112,TAR_003,5.089,281.42,2.43,3,0,Target_3,Ion channel
MOL_0112,TAR_004,3.786,281.42,2.43,3,0,Target_4,Enzyme
MOL_0112,TAR_005,6.842,281.42,2.43,3,0,Target_5,Transporter
MOL_0113,TAR_001,7.887,331.17,4.17,4,0,Target_1,GPCR
MOL_0113,TAR_002,6.53,331.17,4.17,4,0,Target_2,Kinase
MOL_0113,TAR_003,3.366,331.17,4.17,4,0,Target_3,Ion channel
MOL_0113,TAR_004,3.446,331.17,4.17,4,0,Target_4,Enzyme
MOL_0113,TAR_005,6.723,331.17,4.17,4,0,Target_5,Transporter
MOL_0114,TAR_001,7.32,423.49,3.48,5,2,Target_1,GPCR
MOL_0114,TAR_002,6.957,423.49,3.48,5,2,Target_2,Kinase
MOL_0114,TAR_003,5.839,423.49,3.48,5,2,Target_3,Ion channel
MOL_0114,TAR_004,2.963,423.49,3.48,5,2,Target_4,Enzyme
MOL_0114,TAR_005,8.787,423.49,3.48,5,2,Target_5,Transporter
MOL_0115,TAR_001,7.954,336.4,3.18,6,2,Target_1,GPCR
MOL_0115,TAR_002,6.872,336.4,3.18,6,2,Target_2,Kinase
MOL_0115,TAR_003,5.393,336.4,3.18,6,2,Target_3,Ion channel
MOL_0115,TAR_004,5.923,336.4,3.18,6,2,Target_4,Enzyme
MOL_0115,TAR_005,7.776,336.4,3.18,6,2,Target_5,Transporter
MOL_0116,TAR_001,8.462,351.45,3.92,2,2,Target_1,GPCR
MOL_0116,TAR_002,7.131,351.45,3.92,2,2,Target_2,Kinase
MOL_0116,TAR_003,4.242,351.45,3.92,2,2,Target_3,Ion channel
MOL_0116,TAR_004,3.074,351.45,3.92,2,2,Target_4,Enzyme
MOL_0116,TAR_005,8.091,351.45,3.92,2,2,Target_5,Transporter
MOL_0117,TAR_001,1.915,448.43,3.79,7,1,Target_1,GPCR
MOL_0117,TAR_002,5.291,448.43,3.79,7,1,Target_2,Kinase
MOL_0117,TAR_003,2.514,448.43,3.79,7,1,Target_3,Ion channel
MOL_0117,TAR_004,1.789,448.43,3.79,7,1,Target_4,Enzyme
MOL_0117,TAR_005,1.019,448.43,3.79,7,1,Target_5,Transporter
MOL_0118,TAR_001,6.912,215.3,2.21,3,1,Target_1,GPCR
MOL_0118,TAR_002,1.52,215.3,2.21,3,1,Target_2,Kinase
MOL_0118,TAR_003,4.77,215.3,2.21,3,1,Target_3,Ion channel
MOL_0118,TAR_004,5.28,215.3,2.21,3,1,Target_4,Enzyme
MOL_0118,TAR_005,6.292,215.3,2.21,3,1,Target_5,Transporter
MOL_0119,TAR_001,7.747,444.35,3.65,7,2,Target_1,GPCR
MOL_0119,TAR_002,7.967,444.35,3.65,7,2,Target_2,Kinase
MOL_0119,TAR_003,5.349,444.35,3.65,7,2,Target_3,Ion channel
MOL_0119,TAR_004,0.281,444.35,3.65,7,2,Target_4,Enzyme
MOL_0119,TAR_005,9.575,444.35,3.65,7,2,Target_5,Transporter
MOL_0120,TAR_001,7.117,312.37,2.33,6,1,Target_1,GPCR
MOL_0120,TAR_002,7.058,312.37,2.33,6,1,Target_2,Kinase
MOL_0120,TAR_003,4.7,312.37,2.33,6,1,Target_3,Ion channel
MOL_0120,TAR_004,0.143,312.37,2.33,6,1,Target_4,Enzyme
MOL_0120,TAR_005,2.337,312.37,2.33,6,1,Target_5,Transporter
MOL_0121,TAR_001,5.942,271.4,3.05,3,1,Target_1,GPCR
MOL_0121,TAR_002,5.778,271.4,3.05,3,1,Target_2,Kinase
MOL_0121,TAR_003,4.013,271.4,3.05,3,1,Target_3,Ion channel
MOL_0121,TAR_004,5.449,271.4,3.05,3,1,Target_4,Enzyme
MOL_0121,TAR_005,6.094,271.4,3.05,3,1,Target_5,Transporter
MOL_0122,TAR_001,7.904,255.28,1.69,6,1,Target_1,GPCR
MOL_0122,TAR_002,6.273,255.28,1.69,6,1,Target_2,Kinase
MOL_0122,TAR_003,4.867,255.28,1.69,6,1,Target_3,Ion channel
MOL_0122,TAR_004,4.623,255.28,1.69,6,1,Target_4,Enzyme
MOL_0122,TAR_005,7.186,255.28,1.69,6,1,Target_5,Transporter
MOL_0123,TAR_001,7.293,292.77,3.11,3,1,Target_1,GPCR
MOL_0123,TAR_002,7.166,292.77,3.11,3,1,Target_2,Kinase
MOL_0123,TAR_003,4.892,292.77,3.11,3,1,Target_3,Ion channel
MOL_0123,TAR_004,4.337,292.77,3.11,3,1,Target_4,Enzyme
MOL_0123,TAR_005,7.776,292.77,3.11,3,1,Target_5,Transporter
MOL_0124,TAR_001,8.539,269.28,2.73,4,1,Target_1,GPCR
MOL_0124,TAR_002,6.919,269.28,2.73,4,1,Target_2,Kinase
MOL_0124,TAR_003,5.311,269.28,2.73,4,1,Target_3,Ion channel
MOL_0124,TAR_004,1.752,269.28,2.73,4,1,Target_4,Enzyme
MOL_0124,TAR_005,7.726,269.28,2.73,4,1,Target_5,Transporter
MOL_0125,TAR_001,8.041,256.3,2.89,3,2,Target_1,GPCR
MOL_0125,TAR_002,7.037,256.3,2.89,3,2,Target_2,Kinase
MOL_0125,TAR_003,5.171,256.3,2.89,3,2,Target_3,Ion channel
MOL_0125,TAR_004,5.313,256.3,2.89,3,2,Target_4,Enzyme
MOL_0125,TAR_005,7.592,256.3,2.89,3,2,Target_5,Transporter
MOL_0126,TAR_001,7.781,378.48,3.43,4,2,Target_1,GPCR
MOL_0126,TAR_002,7.354,378.48,3.43,4,2,Target_2,Kinase
MOL_0126,TAR_003,4.401,378.48,3.43,4,2,Target_3,Ion channel
MOL_0126,TAR_004,1.357,378.48,3.43,4,2,Target_4,Enzyme
MOL_0126,TAR_005,8.067,378.48,3.43,4,2,Target_5,Transporter
MOL_0127,TAR_001,7.026,366.37,3.8,5,2,Target_1,GPCR
MOL_0127,TAR_002,6.648,366.37,3.8,5,2,Target_2,Kinase
MOL_0127,TAR_003,4.25,366.37,3.8,5,2,Target_3,Ion channel
MOL_0127,TAR_004,1.118,366.37,3.8,5,2,Target_4,Enzyme
MOL_0127,TAR_005,7.01,366.37,3.8,5,2,Target_5,Transporter
MOL_0128,TAR_001,0.926,349.78,0.69,7,2,Target_1,GPCR
MOL_0128,TAR_002,0.887,349.78,0.69,7,2,Target_2,Kinase
MOL_0128,TAR_003,0.624,349.78,0.69,7,2,Target_3,Ion channel
MOL_0128,TAR_004,0.976,349.78,0.69,7,2,Target_4,Enzyme
MOL_0128,TAR_005,0.928,349.78,0.69,7,2,Target_5,Transporter
MOL_0129,TAR_001,6.13,452.82,5.62,4,1,Target_1,GPCR
MOL_0129,TAR_002,6.879,452.82,5.62,4,1,Target_2,Kinase
MOL_0129,TAR_003,4.693,452.82,5.62,4,1,Target_3,Ion channel
MOL_0129,TAR_004,2.922,452.82,5.62,4,1,Target_4,Enzyme
MOL_0129,TAR_005,7.199,452.82,5.62,4,1,Target_5,Transporter
MOL_0130,TAR_001,8.82,279.26,0.87,6,2,Target_1,GPCR
MOL_0130,TAR_002,6.649,279.26,0.87,6,2,Target_2,Kinase
MOL_0130,TAR_003,5.523,279.26,0.87,6,2,Target_3,Ion channel
MOL_0130,TAR_004,7.112,279.26,0.87,6,2,Target_4,Enzyme
MOL_0130,TAR_005,7.837,279.26,0.87,6,2,Target_5,Transporter
MOL_0131,TAR_001,7.17,314.39,1.21,5,1,Target_1,GPCR
MOL_0131,TAR_002,6.021,314.39,1.21,5,1,Target_2,Kinase
MOL_0131,TAR_003,5.043,314.39,1.21,5,1,Target_3,Ion channel
MOL_0131,TAR_004,4.266,314.39,1.21,5,1,Target_4,Enzyme
MOL_0131,TAR_005,6.968,314.39,1.21,5,1,Target_5,Transporter
MOL_0132,TAR_001,11.964,281.36,2.53,4,1,Target_1,GPCR
MOL_0132,TAR_002,11.877,281.36,2.53,4,1,Target_2,Kinase
MOL_0132,TAR_003,9.847,281.36,2.53,4,1,Target_3,Ion channel
MOL_0132,TAR_004,9.031,281.36,2.53,4,1,Target_4,Enzyme
MOL_0132,TAR_005,12.546,281.36,2.53,4,1,Target_5,Transporter
MOL_0133,TAR_001,7.894,240.27,2.46,3,2,Target_1,GPCR
MOL_0133,TAR_002,6.242,240.27,2.46,3,2,Target_2,Kinase
MOL_0133,TAR_003,5.038,240.27,2.46,3,2,Target_3,Ion channel
MOL_0133,TAR_004,4.65,240.27,2.46,3,2,Target_4,Enzyme
MOL_0133,TAR_005,7.169,240.27,2.46,3,2,Target_5,Transporter
MOL_0134,TAR_001,6.835,310.4,2.84,4,0,Target_1,GPCR
MOL_0134,TAR_002,7.794,310.4,2.84,4,0,Target_2,Kinase
MOL_0134,TAR_003,5.683,310.4,2.84,4,0,Target_3,Ion channel
MOL_0134,TAR_004,2.669,310.4,2.84,4,0,Target_4,Enzyme
MOL_0134,TAR_005,9.269,310.4,2.84,4,0,Target_5,Transporter
MOL_0135,TAR_001,7.092,297.14,3.15,3,1,Target_1,GPCR
MOL_0135,TAR_002,6.337,297.14,3.15,3,1,Target_2,Kinase
MOL_0135,TAR_003,5.029,297.14,3.15,3,1,Target_3,Ion channel
MOL_0135,TAR_004,5.907,297.14,3.15,3,1,Target_4,Enzyme
MOL_0135,TAR_005,7.504,297.14,3.15,3,1,Target_5,Transporter
MOL_0136,TAR_001,7.611,359.39,2.95,8,1,Target_1,GPCR
MOL_0136,TAR_002,7.364,359.39,2.95,8,1,Target_2,Kinase
MOL_0136,TAR_003,5.348,359.39,2.95,8,1,Target_3,Ion channel
MOL_0136,TAR_004,1.292,359.39,2.95,8,1,Target_4,Enzyme
MOL_0136,TAR_005,8.346,359.39,2.95,8,1,Target_5,Transporter
MOL_0137,TAR_001,7.526,388.25,5.61,3,2,Target_1,GPCR
MOL_0137,TAR_002,7.523,388.25,5.61,3,2,Target_2,Kinase
MOL_0137,TAR_003,5.661,388.25,5.61,3,2,Target_3,Ion channel
MOL_0137,TAR_004,4.924,388.25,5.61,3,2,Target_4,Enzyme
MOL_0137,TAR_005,8.437,388.25,5.61,3,2,Target_5,Transporter
MOL_0138,TAR_001,7.824,306.37,4.52,3,1,Target_1,GPCR
MOL_0138,TAR_002,8.213,306.37,4.52,3,1,Target_2,Kinase
MOL_0138,TAR_003,5.591,306.37,4.52,3,1,Target_3,Ion channel
MOL_0138,TAR_004,5.344,306.37,4.52,3,1,Target_4,Enzyme
MOL_0138,TAR_005,9.133,306.37,4.52,3,1,Target_5,Transporter
MOL_0139,TAR_001,7.627,379.46,4.32,5,2,Target_1,GPCR
MOL_0139,TAR_002,7.002,379.46,4.32,5,2,Target_2,Kinase
MOL_0139,TAR_003,1.882,379.46,4.32,5,2,Target_3,Ion channel
MOL_0139,TAR_004,3.89,379.46,4.32,5,2,Target_4,Enzyme
MOL_0139,TAR_005,8.268,379.46,4.32,5,2,Target_5,Transporter
MOL_0140,TAR_001,7.833,340.41,1.49,6,1,Target_1,GPCR
MOL_0140,TAR_002,6.363,340.41,1.49,6,1,Target_2,Kinase
MOL_0140,TAR_003,5.229,340.41,1.49,6,1,Target_3,Ion channel
MOL_0140,TAR_004,1.153,340.41,1.49,6,1,Target_4,Enzyme
MOL_0140,TAR_005,7.678,340.41,1.49,6,1,Target_5,Transporter
MOL_0141,TAR_001,9.901,345.4,4.99,3,0,Target_1,GPCR
MOL_0141,TAR_002,8.334,345.4,4.99,3,0,Target_2,Kinase
MOL_0141,TAR_003,5.592,345.4,4.99,3,0,Target_3,Ion channel
MOL_0141,TAR_004,1.164,345.4,4.99,3,0,Target_4,Enzyme
MOL_0141,TAR_005,8.23,345.4,4.99,3,0,Target_5,Transporter
MOL_0142,TAR_001,7.525,223.28,3.04,3,0,Target_1,GPCR
MOL_0142,TAR_002,6.895,223.28,3.04,3,0,Target_2,Kinase
MOL_0142,TAR_003,5.348,223.28,3.04,3,0,Target_3,Ion channel
MOL_0142,TAR_004,5.914,223.28,3.04,3,0,Target_4,Enzyme
MOL_0142,TAR_005,7.25,223.28,3.04,3,0,Target_5,Transporter
MOL_0143,TAR_001,3.462,114.21,2.09,1,0,Target_1,GPCR
MOL_0143,TAR_002,3.479,114.21,2.09,1,0,Target_2,Kinase
MOL_0143,TAR_003,2.457,114.21,2.09,1,0,Target_3,Ion channel
MOL_0143,TAR_004,3.167,114.21,2.09,1,0,Target_4,Enzyme
MOL_0143,TAR_005,3.091,114.21,2.09,1,0,Target_5,Transporter
MOL_0144,TAR_001,7.942,341.41,1.26,5,0,Target_1,GPCR
MOL_0144,TAR_002,6.927,341.41,1.26,5,0,Target_2,Kinase
MOL_0144,TAR_003,5.17,341.41,1.26,5,0,Target_3,Ion channel
MOL_0144,TAR_004,3.855,341.41,1.26,5,0,Target_4,Enzyme
MOL_0144,TAR_005,8.098,341.41,1.26,5,0,Target_5,Transporter
MOL_0145,TAR_001,6.615,469.63,5.4,5,5,Target_1,GPCR
MOL_0145,TAR_002,6.312,469.63,5.4,5,5,Target_2,Kinase
MOL_0145,TAR_003,4.338,469.63,5.4,5,5,Target_3,Ion channel
MOL_0145,TAR_004,2.252,469.63,5.4,5,5,Target_4,Enzyme
MOL_0145,TAR_005,8.281,469.63,5.4,5,5,Target_5,Transporter
MOL_0146,TAR_001,5.427,422.45,3.07,9,2,Target_1,GPCR
MOL_0146,TAR_002,7.316,422.45,3.07,9,2,Target_2,Kinase
MOL_0146,TAR_003,1.11,422.45,3.07,9,2,Target_3,Ion channel
MOL_0146,TAR_004,0.154,422.45,3.07,9,2,Target_4,Enzyme
MOL_0146,TAR_005,3.815,422.45,3.07,9,2,Target_5,Transporter
MOL_0147,TAR_001,6.518,285.38,1.8,4,2,Target_1,GPCR
MOL_0147,TAR_002,5.617,285.38,1.8,4,2,Target_2,Kinase
MOL_0147,TAR_003,4.599,285.38,1.8,4,2,Target_3,Ion channel
MOL_0147,TAR_004,4.801,285.38,1.8,4,2,Target_4,Enzyme
MOL_0147,TAR_005,6.716,285.38,1.8,4,2,Target_5,Transporter
MOL_0148,TAR_001,6.804,278.39,4.39,2,1,Target_1,GPCR
MOL_0148,TAR_002,5.825,278.39,4.39,2,1,Target_2,Kinase
MOL_0148,TAR_003,4.946,278.39,4.39,2,1,Target_3,Ion channel
MOL_0148,TAR_004,5.666,278.39,4.39,2,1,Target_4,Enzyme
MOL_0148,TAR_005,6.875,278.39,4.39,2,1,Target_5,Transporter
MOL_0149,TAR_001,9.652,284.4,3.78,2,2,Target_1,GPCR
MOL_0149,TAR_002,8.072,284.4,3.78,2,2,Target_2,Kinase
MOL_0149,TAR_003,6.249,284.4,3.78,2,2,Target_3,Ion channel
MOL_0149,TAR_004,3.404,284.4,3.78,2,2,Target_4,Enzyme
MOL_0149,TAR_005,8.494,284.4,3.78,2,2,Target_5,Transporter
MOL_0150,TAR_001,7.021,265.31,1.54,4,2,Target_1,GPCR
MOL_0150,TAR_002,5.593,265.31,1.54,4,2,Target_2,Kinase
MOL_0150,TAR_003,4.708,265.31,1.54,4,2,Target_3,Ion channel
MOL_0150,TAR_004,4.986,265.31,1.54,4,2,Target_4,Enzyme
MOL_0150,TAR_005,6.573,265.31,1.54,4,2,Target_5,Transporter
MOL_0151,TAR_001,6.006,246.33,1.95,3,1,Target_1,GPCR
MOL_0151,TAR_002,5.428,246.33,1.95,3,1,Target_2,Kinase
MOL_0151,TAR_003,3.9,246.33,1.95,3,1,Target_3,Ion channel
MOL_0151,TAR_004,5.069,246.33,1.95,3,1,Target_4,Enzyme
MOL_0151,TAR_005,5.798,246.33,1.95,3,1,Target_5,Transporter
MOL_0152,TAR_001,6.681,328.41,3.6,4,0,Target_1,GPCR
MOL_0152,TAR_002,8.319,328.41,3.6,4,0,Target_2,Kinase
MOL_0152,TAR_003,4.9,328.41,3.6,4,0,Target_3,Ion channel
MOL_0152,TAR_004,0.901,328.41,3.6,4,0,Target_4,Enzyme
MOL_0152,TAR_005,1.269,328.41,3.6,4,0,Target_5,Transporter
MOL_0153,TAR_001,6.927,215.32,3.56,2,1,Target_1,GPCR
MOL_0153,TAR_002,5.664,215.32,3.56,2,1,Target_2,Kinase
MOL_0153,TAR_003,4.519,215.32,3.56,2,1,Target_3,Ion channel
MOL_0153,TAR_004,5.666,215.32,3.56,2,1,Target_4,Enzyme
MOL_0153,TAR_005,6.324,215.32,3.56,2,1,Target_5,Transporter
MOL_0154,TAR_001,7.352,298.3,3.82,4,2,Target_1,GPCR
MOL_0154,TAR_002,6.142,298.3,3.82,4,2,Target_2,Kinase
MOL_0154,TAR_003,4.832,298.3,3.82,4,2,Target_3,Ion channel
MOL_0154,TAR_004,3.554,298.3,3.82,4,2,Target_4,Enzyme
MOL_0154,TAR_005,7.402,298.3,3.82,4,2,Target_5,Transporter
MOL_0155,TAR_001,6.455,363.39,4.27,2,2,Target_1,GPCR
MOL_0155,TAR_002,7.945,363.39,4.27,2,2,Target_2,Kinase
MOL_0155,TAR_003,5.758,363.39,4.27,2,2,Target_3,Ion channel
MOL_0155,TAR_004,5.852,363.39,4.27,2,2,Target_4,Enzyme
MOL_0155,TAR_005,9.372,363.39,4.27,2,2,Target_5,Transporter
MOL_0156,TAR_001,1.618,423.49,4.42,6,2,Target_1,GPCR
MOL_0156,TAR_002,4.042,423.49,4.42,6,2,Target_2,Kinase
MOL_0156,TAR_003,1.508,423.49,4.42,6,2,Target_3,Ion channel
MOL_0156,TAR_004,1.028,423.49,4.42,6,2,Target_4,Enzyme
MOL_0156,TAR_005,1.446,423.49,4.42,6,2,Target_5,Transporter
MOL_0157,TAR_001,7.626,382.46,3.13,4,1,Target_1,GPCR
MOL_0157,TAR_002,7.758,382.46,3.13,4,1,Target_2,Kinase
MOL_0157,TAR_003,5.523,382.46,3.13,4,1,Target_3,Ion channel
MOL_0157,TAR_004,2.637,382.46,3.13,4,1,Target_4,Enzyme
MOL_0157,TAR_005,8.959,382.46,3.13,4,1,Target_5,Transporter
MOL_0158,TAR_001,8.068,284.32,1.8,4,1,Target_1,GPCR
MOL_0158,TAR_002,6.698,284.32,1.8,4,1,Target_2,Kinase
MOL_0158,TAR_003,4.972,284.32,1.8,4,1,Target_3,Ion channel
MOL_0158,TAR_004,7.172,284.32,1.8,4,1,Target_4,Enzyme
MOL_0158,TAR_005,7.829,284.32,1.8,4,1,Target_5,Transporter
MOL_0159,TAR_001,6.224,357.33,5.79,4,0,Target_1,GPCR
MOL_0159,TAR_002,6.231,357.33,5.79,4,0,Target_2,Kinase
MOL_0159,TAR_003,4.233,357.33,5.79,4,0,Target_3,Ion channel
MOL_0159,TAR_004,4.247,357.33,5.79,4,0,Target_4,Enzyme
MOL_0159,TAR_005,6.223,357.33,5.79,4,0,Target_5,Transporter
MOL_0160,TAR_001,6.789,335.33,2.47,4,2,Target_1,GPCR
MOL_0160,TAR_002,6.162,335.33,2.47,4,2,Target_2,Kinase
MOL_0160,TAR_003,4.413,335.33,2.47,4,2,Target_3,Ion channel
MOL_0160,TAR_004,5.916,335.33,2.47,4,2,Target_4,Enzyme
MOL_0160,TAR_005,7.322,335.33,2.47,4,2,Target_5,Transporter
